vacancy_id,source,source_file,idx_in_source,text_len,skills_count,grade,confidence,score_intern,score_junior,score_middle,score_senior,score_architect,config_hits,process_hits,tech_hits
0,hh_txt,hh_архитектор.txt,0,3941,18,junior,0.91,0.8,0.91,0.5,0.16,0.1,2,3,1
1,hh_txt,hh_архитектор.txt,1,2323,12,middle,1.0,0.5,0.33,1.0,0.53,0.05,1,0,4
2,hh_txt,hh_архитектор.txt,2,2635,11,intern,0.2,0.2,0.16,-0.2,-0.44,0.1,2,4,0
3,hh_txt,hh_архитектор.txt,3,3817,13,middle,0.8,0.2,0.16,0.8,0.16,0.1,2,2,2
4,hh_txt,hh_архитектор.txt,4,3595,14,intern,0.5,0.5,0.49,0.6,0.24,0.15,3,5,1
5,hh_txt,hh_архитектор.txt,5,2560,10,intern,0.5,0.5,0.33,0.4,0.08,0.05,1,4,1
6,hh_txt,hh_архитектор.txt,6,2945,14,intern,1.1,1.1,0.91,0.5,0.61,0.1,2,2,2
7,hh_txt,hh_архитектор.txt,7,1959,13,intern,0.8,0.8,0.58,0.4,0.08,0.05,1,4,1
8,hh_txt,hh_архитектор.txt,8,2100,18,senior,1.14,0.8,0.99,0.9,1.14,0.15,3,3,4
9,hh_txt,hh_архитектор.txt,9,2953,11,intern,0.2,0.2,0.24,0.3,0.24,0.15,3,2,0
10,hh_txt,hh_архитектор.txt,10,2604,15,intern,0.8,0.8,0.66,0.5,0.16,0.1,2,5,1
11,hh_txt,hh_архитектор.txt,11,2911,15,junior,0.83,0.8,0.83,0.4,0.08,0.05,1,3,1
12,hh_txt,hh_архитектор.txt,12,2611,6,intern,0.5,0.5,0.33,-0.3,-0.52,0.05,1,4,0
13,hh_txt,hh_архитектор.txt,13,2603,10,intern,0.5,0.5,0.41,0.5,0.16,0.1,2,3,1
14,hh_txt,hh_архитектор.txt,14,2345,12,intern,0.2,0.2,0.33,0.1,0.08,0.05,1,2,0
15,hh_txt,hh_архитектор.txt,15,2083,7,intern,0.5,0.5,0.33,-0.3,-0.52,0.05,1,3,0
16,hh_txt,hh_архитектор.txt,16,2357,17,junior,1.16,0.5,1.16,1.1,0.16,0.1,2,2,3
17,hh_txt,hh_архитектор.txt,17,3377,18,middle,1.3,0.8,0.83,1.3,0.08,0.05,1,4,4
18,hh_txt,hh_архитектор.txt,18,1918,9,intern,0.8,0.8,0.41,-0.2,-0.44,0.1,2,3,0
19,hh_txt,hh_архитектор.txt,20,2255,9,intern,0.2,0.2,0.08,-0.3,-0.52,0.05,1,3,0
20,hh_txt,hh_архитектор.txt,22,3713,17,junior,0.99,0.8,0.99,0.6,0.24,0.15,3,4,1
21,hh_txt,hh_архитектор.txt,23,2323,12,intern,0.5,0.5,0.41,-0.2,-0.44,0.1,2,5,0
22,hh_txt,hh_архитектор.txt,24,3274,15,intern,0.8,0.8,0.66,0.5,0.16,0.1,2,4,1
23,hh_txt,hh_архитектор.txt,25,1309,9,junior,0.83,0.8,0.83,-0.3,-0.52,0.05,1,4,0
24,hh_txt,hh_архитектор.txt,26,1612,4,intern,0.6,0.6,0.5,0.0,0.0,0.0,0,2,0
25,hh_txt,hh_архитектор.txt,27,1439,5,intern,0.3,0.3,0.5,0.3,0.0,0.0,0,2,1
26,hh_txt,hh_архитектор.txt,28,1418,8,intern,0.5,0.5,0.33,0.7,0.53,0.05,1,2,3
27,hh_txt,hh_архитектор.txt,29,2699,13,intern,0.8,0.8,0.74,-0.1,-0.36,0.15,3,4,0
28,hh_txt,hh_архитектор.txt,30,3519,11,intern,1.1,1.1,0.58,-0.3,-0.52,0.05,1,5,0
29,hh_txt,hh_архитектор.txt,31,3347,17,middle,1.2,0.5,0.49,1.2,0.24,0.15,3,4,3
30,hh_txt,hh_архитектор.txt,33,2021,12,intern,0.8,0.8,0.58,0.4,0.08,0.05,1,3,1
31,hh_txt,hh_архитектор.txt,34,1774,7,intern,0.5,0.5,0.41,-0.2,-0.44,0.1,2,3,0
32,hh_txt,hh_архитектор.txt,35,1841,7,intern,0.5,0.5,0.58,0.4,0.53,0.05,1,3,2
33,hh_txt,hh_архитектор.txt,36,2100,10,intern,0.5,0.5,0.49,-0.1,-0.36,0.15,3,4,0
34,hh_txt,hh_архитектор.txt,37,2604,20,middle,1.6,0.8,0.83,1.6,1.43,0.05,1,2,8
35,hh_txt,hh_архитектор.txt,38,3359,25,middle,2.2,0.5,0.57,2.2,1.67,0.2,4,3,9
36,hh_txt,hh_архитектор.txt,39,1738,4,intern,0.2,0.2,0.08,0.4,0.53,0.05,1,1,2
37,hh_txt,hh_архитектор.txt,40,2246,6,intern,0.8,0.8,0.66,0.2,0.61,0.1,2,2,1
38,hh_txt,hh_архитектор.txt,41,1166,6,intern,0.0,0.0,0.25,0.6,0.0,0.0,0,1,2
39,hh_txt,hh_архитектор.txt,42,2499,17,middle,2.3,0.5,1.16,2.3,1.06,0.1,2,1,9
40,hh_txt,hh_архитектор.txt,43,3215,20,middle,1.3,0.5,0.33,1.3,0.98,0.05,1,2,6
41,hh_txt,hh_архитектор.txt,44,2089,9,intern,0.5,0.5,0.41,-0.2,-0.44,0.1,2,3,0
42,hh_txt,hh_архитектор.txt,45,2615,10,middle,1.2,0.3,0.25,1.2,0.45,0.0,0,0,5
43,hh_txt,hh_архитектор.txt,46,881,6,intern,0.7,0.7,0.08,0.4,0.08,0.05,1,2,1
44,hh_txt,hh_архитектор.txt,47,2075,9,intern,0.8,0.8,0.58,-0.3,-0.52,0.05,1,3,0
45,hh_txt,hh_архитектор.txt,48,2985,11,junior,0.66,0.2,0.66,0.5,0.61,0.1,2,1,2
46,hh_txt,hh_архитектор.txt,49,2809,11,intern,0.3,0.3,0.25,0.3,0.0,0.0,0,4,1
47,hh_txt,hh_архитектор.txt,50,2097,12,senior,0.9,0.3,0.25,0.6,0.9,0.0,0,2,4
48,hh_txt,hh_архитектор.txt,52,3830,17,intern,0.8,0.8,0.66,0.5,0.16,0.1,2,3,1
49,hh_txt,hh_архитектор.txt,53,1404,5,junior,0.66,0.5,0.66,0.2,0.16,0.1,2,1,0
50,hh_txt,hh_архитектор.txt,55,1373,7,intern,0.2,0.2,0.16,0.5,0.16,0.1,2,3,1
51,hh_txt,hh_архитектор.txt,57,1862,8,intern,0.8,0.8,0.58,0.1,0.08,0.05,1,2,0
52,hh_txt,hh_архитектор.txt,58,1410,10,intern,0.5,0.5,0.41,0.5,0.16,0.1,2,3,1
53,hh_txt,hh_архитектор.txt,59,1621,6,intern,0.3,0.3,0.25,0.3,0.0,0.0,0,3,1
54,hh_txt,hh_архитектор.txt,60,2239,12,intern,0.2,0.2,0.32,0.7,0.77,0.2,4,2,2
55,hh_txt,hh_архитектор.txt,61,2930,18,middle,1.9,0.2,0.33,1.9,0.53,0.05,1,1,7
56,hh_txt,hh_архитектор.txt,62,2318,13,intern,0.5,0.5,0.41,0.5,0.16,0.1,2,3,1
57,hh_txt,hh_архитектор.txt,63,3349,17,middle,1.6,0.5,0.58,1.6,0.98,0.05,1,2,7
58,hh_txt,hh_архитектор.txt,64,4557,11,middle,0.8,0.5,0.66,0.8,0.61,0.1,2,1,3
59,hh_txt,hh_архитектор.txt,65,2860,13,intern,0.5,0.5,0.58,0.4,0.08,0.05,1,5,1
60,hh_txt,hh_архитектор.txt,67,1697,7,middle,0.9,0.0,0.0,0.9,0.0,0.0,0,1,3
61,hh_txt,hh_архитектор.txt,68,2217,9,intern,0.8,0.8,0.49,-0.1,-0.36,0.15,3,3,0
62,hh_txt,hh_архитектор.txt,69,2934,23,middle,1.7,0.2,0.57,1.7,1.3,0.25,5,4,6
63,hh_txt,hh_архитектор.txt,70,2464,7,intern,0.5,0.5,0.33,0.1,0.08,0.05,1,2,0
64,hh_txt,hh_архитектор.txt,71,2531,12,middle,1.0,0.8,0.33,1.0,0.53,0.05,1,2,4
65,hh_txt,hh_архитектор.txt,72,2025,7,intern,0.3,0.3,0.25,0.3,0.45,0.0,0,4,2
66,hh_txt,hh_архитектор.txt,73,4018,22,junior,1.49,1.1,1.49,0.6,0.24,0.15,3,4,1
67,hh_txt,hh_программист стажер.txt,0,2064,7,intern,0.8,0.8,0.66,0.2,0.16,0.1,2,2,0
68,hh_txt,hh_программист стажер.txt,1,2212,9,junior,1.07,0.8,1.07,0.4,0.32,0.2,4,1,0
69,hh_txt,hh_программист стажер.txt,2,1755,3,intern,0.2,0.2,0.33,0.1,0.08,0.05,1,0,0
70,hh_txt,hh_программист стажер.txt,3,1501,4,intern,0.6,0.6,0.5,0.0,0.0,0.0,0,1,0
71,hh_txt,hh_программист стажер.txt,4,2114,5,junior,0.75,0.6,0.75,0.0,0.0,0.0,0,1,0
72,hh_txt,hh_программист стажер.txt,5,1784,8,junior,0.99,0.5,0.99,0.3,0.69,0.15,3,1,1
73,hh_txt,hh_программист стажер.txt,6,2292,12,junior,0.99,0.8,0.99,0.3,0.24,0.15,3,2,0
74,hh_txt,hh_программист стажер.txt,7,2374,4,intern,0.2,0.2,0.33,0.1,0.08,0.05,1,0,0
75,hh_txt,hh_программист стажер.txt,8,3226,9,intern,0.5,0.5,0.33,-0.3,-0.52,0.05,1,4,0
76,hh_txt,hh_программист стажер.txt,9,1149,5,intern,0.3,0.3,0.25,-0.4,-0.6,0.0,0,3,0
77,hh_txt,hh_программист стажер.txt,10,1895,6,junior,0.75,0.6,0.75,-0.4,-0.6,0.0,0,3,0
78,hh_txt,hh_программист стажер.txt,11,512,1,intern,0.5,0.5,0.0,0.0,0.0,0.0,0,1,0
79,hh_txt,hh_программист стажер.txt,12,1665,6,intern,0.3,0.3,0.5,0.6,0.0,0.0,0,1,2
80,hh_txt,hh_программист стажер.txt,13,1250,3,intern,0.3,0.3,0.25,0.0,0.0,0.0,0,2,0
81,hh_txt,hh_программист стажер.txt,14,1728,3,intern,0.3,0.3,0.25,0.0,0.0,0.0,0,1,0
82,hh_txt,hh_программист стажер.txt,15,819,4,intern,0.5,0.5,0.25,0.0,0.0,0.0,0,2,0
83,hh_txt,hh_программист стажер.txt,16,1528,7,intern,0.5,0.5,0.58,0.1,0.08,0.05,1,2,0
84,hh_txt,hh_программист стажер.txt,18,1813,6,intern,0.3,0.3,0.25,0.6,0.0,0.0,0,1,2
85,hh_txt,hh_программист стажер.txt,19,1102,2,intern,0.3,0.3,0.25,0.0,0.0,0.0,0,2,0
86,hh_txt,hh_программист стажер.txt,20,1779,5,junior,0.66,0.5,0.66,0.2,0.16,0.1,2,1,0
87,hh_txt,hh_программист стажер.txt,21,1655,6,junior,0.91,0.5,0.91,0.2,0.16,0.1,2,1,0
88,hh_txt,hh_программист стажер.txt,22,1982,3,intern,0.3,0.3,0.5,0.0,0.0,0.0,0,1,0
89,hh_txt,hh_программист стажер.txt,23,905,4,junior,0.75,0.6,0.75,0.0,0.0,0.0,0,2,0
90,hh_txt,hh_программист стажер.txt,24,3029,7,junior,1.08,0.8,1.08,0.4,0.08,0.05,1,2,1
91,hh_txt,hh_программист стажер.txt,25,1282,5,intern,0.0,0.0,0.0,0.6,0.0,0.0,0,0,2
92,hh_txt,hh_программист стажер.txt,27,2560,8,intern,0.5,0.5,0.58,0.7,0.08,0.05,1,1,2
93,hh_txt,hh_программист стажер.txt,29,2462,6,junior,0.66,0.5,0.66,0.5,0.16,0.1,2,1,1
94,hh_txt,hh_программист стажер.txt,30,3558,15,junior,1.32,0.5,1.32,1.0,0.32,0.2,4,2,2
95,hh_txt,hh_программист стажер.txt,31,2935,7,intern,0.2,0.2,0.24,-0.1,-0.36,0.15,3,3,0
96,hh_txt,hh_программист стажер.txt,32,2285,10,junior,0.99,0.8,0.99,-0.1,-0.36,0.15,3,3,0
97,hh_txt,hh_программист стажер.txt,33,3349,12,junior,0.99,0.8,0.99,0.6,0.24,0.15,3,4,1
98,hh_txt,hh_программист стажер.txt,34,1966,5,intern,0.8,0.8,0.58,0.1,0.08,0.05,1,1,0
99,hh_txt,hh_программист стажер.txt,35,2189,6,junior,0.66,0.5,0.66,0.2,0.16,0.1,2,2,0
100,hh_txt,hh_программист стажер.txt,36,3493,10,junior,0.83,0.8,0.83,-0.3,-0.52,0.05,1,4,0
101,hh_txt,hh_программист стажер.txt,37,1569,9,middle,1.4,0.2,0.41,1.4,0.16,0.1,2,0,4
102,hh_txt,hh_программист стажер.txt,38,2348,7,junior,0.91,0.8,0.91,0.2,0.16,0.1,2,1,0
103,hh_txt,hh_программист стажер.txt,39,2811,3,intern,0.3,0.3,0.25,0.0,0.0,0.0,0,2,0
104,hh_txt,hh_программист стажер.txt,40,5075,11,junior,0.83,0.8,0.83,0.4,0.53,0.05,1,4,2
105,hh_txt,hh_программист.txt,0,1402,9,middle,0.9,0.0,0.0,0.9,0.45,0.0,0,4,4
106,hh_txt,hh_программист.txt,1,2986,11,senior,1.14,0.2,0.49,0.9,1.14,0.15,3,1,4
107,hh_txt,hh_программист.txt,2,2396,25,middle,2.0,0.8,0.91,2.0,1.86,0.1,2,2,8
108,hh_txt,hh_программист.txt,3,1254,8,intern,0.5,0.5,0.41,0.2,0.61,0.1,2,1,1
109,hh_txt,hh_программист.txt,4,3656,24,middle,1.6,0.8,1.57,1.6,0.77,0.2,4,5,5
110,hh_txt,hh_программист.txt,5,2829,12,middle,1.3,0.8,1.08,1.3,0.53,0.05,1,3,5
111,hh_txt,hh_программист.txt,6,1455,9,intern,0.2,0.2,0.58,0.7,0.53,0.05,1,2,3
112,hh_txt,hh_программист.txt,7,2618,14,middle,1.4,0.8,0.91,1.4,1.06,0.1,2,1,6
113,hh_txt,hh_программист.txt,8,3193,20,middle,1.9,0.2,0.57,1.9,1.22,0.2,4,2,7
114,hh_txt,hh_программист.txt,9,2650,8,middle,0.8,0.5,0.41,0.8,0.16,0.1,2,1,2
115,hh_txt,hh_программист.txt,10,1333,12,intern,0.5,0.5,0.33,0.7,0.53,0.05,1,4,3
116,hh_txt,hh_программист.txt,11,1236,13,junior,1.16,0.8,1.16,-0.2,-0.44,0.1,2,5,0
117,hh_txt,hh_программист.txt,12,1728,4,intern,0.5,0.5,0.58,0.1,0.08,0.05,1,1,0
118,hh_txt,hh_программист.txt,13,1559,11,junior,1.33,0.5,1.33,0.4,0.08,0.05,1,2,1
119,hh_txt,hh_программист.txt,14,1495,6,middle,0.9,0.3,0.25,0.9,0.45,0.0,0,1,4
120,hh_txt,hh_программист.txt,15,1557,12,middle,0.9,0.5,0.74,0.9,0.24,0.15,3,2,2
121,hh_txt,hh_программист.txt,16,2091,16,middle,1.0,0.5,0.83,1.0,0.98,0.05,1,2,5
122,hh_txt,hh_программист.txt,17,2504,11,middle,1.1,0.8,0.91,1.1,0.16,0.1,2,2,3
123,hh_txt,hh_программист.txt,18,917,5,intern,0.3,0.3,0.25,0.0,0.0,0.0,0,2,0
124,hh_txt,hh_программист.txt,19,1744,9,middle,1.1,0.5,0.41,1.1,0.16,0.1,2,2,3
125,hh_txt,hh_программист.txt,20,3132,9,middle,1.0,0.2,0.33,1.0,0.53,0.05,1,3,4
126,hh_txt,hh_программист.txt,21,1951,11,senior,1.06,0.2,0.41,0.8,1.06,0.1,2,2,4
127,hh_txt,hh_программист.txt,22,2457,16,junior,1.16,0.5,1.16,1.1,0.16,0.1,2,3,3
128,hh_txt,hh_программист.txt,23,2379,13,junior,0.99,0.5,0.99,0.9,0.24,0.15,3,2,2
129,hh_txt,hh_программист.txt,24,1742,8,intern,0.5,0.5,0.58,0.7,0.08,0.05,1,2,2
130,hh_txt,hh_программист.txt,25,3116,19,middle,1.6,0.8,1.32,1.6,0.77,0.2,4,3,5
131,hh_txt,hh_программист.txt,26,1325,4,intern,0.5,0.5,0.58,0.1,0.08,0.05,1,1,0
132,hh_txt,hh_программист.txt,27,2503,14,junior,0.99,0.8,0.99,0.6,0.24,0.15,3,4,1
133,hh_txt,hh_программист.txt,28,1923,10,junior,0.91,0.5,0.91,0.5,0.61,0.1,2,2,2
134,hh_txt,hh_программист.txt,29,1198,5,middle,0.8,0.2,0.16,0.8,0.16,0.1,2,0,2
135,hh_txt,hh_программист.txt,30,2369,9,middle,1.1,0.5,0.41,1.1,0.16,0.1,2,2,3
136,hh_txt,hh_программист.txt,31,1609,13,middle,1.6,0.5,0.58,1.6,0.53,0.05,1,2,6
137,hh_txt,hh_программист.txt,32,1570,14,middle,1.3,0.5,0.58,1.3,0.53,0.05,1,2,5
138,hh_txt,hh_программист.txt,33,1364,17,middle,1.4,0.8,1.16,1.4,0.61,0.1,2,5,5
139,hh_txt,hh_программист.txt,34,2676,15,middle,1.0,0.5,0.08,1.0,0.98,0.05,1,1,5
140,hh_txt,hh_программист.txt,35,1261,7,intern,0.5,0.5,0.33,0.4,0.08,0.05,1,2,1
141,hh_txt,hh_программист.txt,36,1704,5,intern,0.2,0.2,0.16,0.2,0.16,0.1,2,2,0
142,hh_txt,hh_программист.txt,37,2551,15,junior,1.33,0.8,1.33,0.7,0.53,0.05,1,5,3
143,hh_txt,hh_программист.txt,38,1709,10,senior,0.98,0.5,0.58,0.7,0.98,0.05,1,1,4
144,hh_txt,hh_программист.txt,39,2154,11,middle,0.8,0.2,0.41,0.8,0.16,0.1,2,2,2
145,hh_txt,hh_программист.txt,40,1920,22,junior,1.24,0.8,1.24,0.9,0.24,0.15,3,4,2
146,hh_txt,hh_программист.txt,41,1022,9,junior,0.83,0.5,0.83,0.4,0.08,0.05,1,2,1
147,hh_txt,hh_программист.txt,42,4561,19,middle,1.7,0.8,1.07,1.7,0.4,0.25,5,4,4
148,hh_txt,hh_программист.txt,43,2370,7,intern,0.8,0.8,0.58,0.4,0.53,0.05,1,2,2
149,hh_txt,hh_программист.txt,44,3218,18,middle,2.2,0.5,0.57,2.2,1.22,0.2,4,2,8
150,hh_txt,hh_программист.txt,45,2043,12,junior,1.07,0.5,1.07,0.4,0.32,0.2,4,2,0
151,hh_txt,hh_программист.txt,46,2422,16,junior,1.16,0.8,1.16,1.1,0.61,0.1,2,4,4
152,hh_txt,hh_программист.txt,47,1815,11,junior,1.08,0.5,1.08,0.7,0.53,0.05,1,2,3
153,hh_txt,hh_программист.txt,48,1462,12,junior,1.07,0.5,1.07,0.8,0.4,0.25,5,1,1
154,hh_txt,hh_программист.txt,49,2689,16,middle,1.3,0.5,1.08,1.3,0.53,0.05,1,1,5
155,hh_txt,hh_программист.txt,50,3160,17,middle,1.3,0.8,1.08,1.3,0.98,0.05,1,1,6
156,hh_txt,hh_программист.txt,51,2139,13,middle,1.5,0.5,0.99,1.5,0.69,0.15,3,1,5
157,hh_txt,hh_программист.txt,52,1356,15,middle,0.8,0.5,0.41,0.8,0.16,0.1,2,3,2
158,hh_txt,hh_программист.txt,53,1717,4,intern,0.3,0.3,0.5,0.3,0.0,0.0,0,0,1
159,hh_txt,hh_программист.txt,54,1743,11,junior,1.07,0.2,1.07,0.7,0.77,0.2,4,2,2
160,hh_txt,hh_программист.txt,55,2813,21,middle,1.7,0.8,1.57,1.7,0.93,0.3,6,3,5
161,hh_txt,hh_программист.txt,57,2371,14,middle,1.1,0.5,0.91,1.1,0.61,0.1,2,1,4
162,hh_txt,hh_программист.txt,58,2030,9,middle,1.3,0.5,0.33,1.3,0.53,0.05,1,2,5
163,hh_txt,hh_программист.txt,59,1502,7,middle,0.8,0.2,0.16,0.8,0.16,0.1,2,1,2
164,hh_txt,hh_программист.txt,60,2196,19,middle,1.1,0.5,1.07,1.1,0.85,0.25,5,2,3
165,hh_txt,hh_программист.txt,61,1240,8,junior,0.74,0.5,0.74,0.3,0.24,0.15,3,1,0
166,hh_txt,hh_программист.txt,62,2803,8,junior,0.75,0.3,0.75,0.6,0.0,0.0,0,0,2
167,hh_txt,hh_программист.txt,63,2664,13,middle,0.8,0.5,0.41,0.8,0.16,0.1,2,3,2
168,hh_txt,hh_программист.txt,64,1091,10,middle,0.8,0.5,0.66,0.8,0.16,0.1,2,0,2
169,hh_txt,hh_программист.txt,65,2615,6,junior,0.66,0.5,0.66,0.5,0.16,0.1,2,0,1
170,hh_txt,hh_программист.txt,66,1710,6,intern,0.2,0.2,0.33,0.7,0.08,0.05,1,1,2
171,hh_txt,hh_программист.txt,67,2042,6,junior,0.75,0.3,0.75,0.6,0.45,0.0,0,1,3
172,hh_txt,hh_программист.txt,69,780,3,intern,0.7,0.7,0.16,0.2,0.16,0.1,2,1,0
173,hh_txt,hh_программист.txt,70,1291,8,senior,1.06,0.5,0.41,0.5,1.06,0.1,2,3,3
174,hh_txt,hh_программист.txt,71,3339,17,middle,0.9,0.5,0.49,0.9,0.69,0.15,3,3,3
175,hh_txt,hh_программист.txt,72,2296,12,middle,1.0,0.5,0.82,1.0,0.32,0.2,4,2,2
176,hh_txt,hh_программист.txt,73,1078,6,intern,0.2,0.2,0.33,0.4,0.08,0.05,1,2,1
177,hh_txt,hh_программист.txt,74,1991,8,middle,0.8,0.5,0.41,0.8,0.16,0.1,2,3,2
178,hh_txt,hr консультант аналитик программист.txt,0,1140,7,intern,0.8,0.8,0.74,-0.1,-0.36,0.15,3,3,0
179,hh_txt,hr консультант аналитик программист.txt,1,854,4,intern,0.7,0.7,0.16,0.2,0.16,0.1,2,2,0
180,hh_txt,hr консультант аналитик программист.txt,2,2026,11,intern,0.5,0.5,0.41,-0.2,-0.44,0.1,2,3,0
181,hh_txt,hr консультант аналитик программист.txt,3,1190,8,intern,0.5,0.5,0.33,-0.3,-0.52,0.05,1,5,0
182,hh_txt,hr консультант аналитик программист.txt,4,2244,9,intern,0.5,0.5,0.58,-0.3,-0.52,0.05,1,3,0
183,hh_txt,hr консультант аналитик программист.txt,5,2402,15,intern,0.8,0.8,0.74,0.6,0.69,0.15,3,5,2
184,hh_txt,hr_аналитик.txt,0,2306,8,intern,0.5,0.5,0.58,-0.3,-0.52,0.05,1,3,0
185,hh_txt,hr_аналитик.txt,1,4226,15,intern,0.8,0.8,0.49,0.6,0.69,0.15,3,3,2
186,hh_txt,hr_аналитик.txt,2,1950,7,intern,0.2,0.2,0.08,0.4,0.53,0.05,1,2,2
187,hh_txt,hr_аналитик.txt,3,2770,5,intern,0.5,0.5,0.33,-0.3,-0.52,0.05,1,3,0
188,hh_txt,hr_аналитик.txt,4,1447,11,intern,0.2,0.2,0.41,-0.2,-0.44,0.1,2,4,0
189,hh_txt,hr_аналитик.txt,5,2275,8,intern,0.5,0.5,0.33,-0.3,-0.52,0.05,1,3,0
190,hh_txt,hr_аналитик.txt,6,2540,13,intern,1.1,1.1,0.66,-0.2,-0.44,0.1,2,4,0
191,hh_txt,hr_аналитик.txt,7,1982,10,intern,0.8,0.8,0.58,0.7,0.53,0.05,1,4,3
192,hh_txt,hr_аналитик.txt,8,4683,15,middle,1.3,0.2,1.07,1.3,0.77,0.2,4,3,4
193,hh_txt,hr_аналитик.txt,9,1798,20,intern,0.5,0.5,0.57,0.1,-0.2,0.25,5,5,0
194,hh_txt,hr_аналитик.txt,10,1585,6,intern,0.2,0.2,0.08,0.1,0.08,0.05,1,2,0
195,hh_txt,hr_аналитик.txt,11,1590,14,middle,1.0,0.2,0.08,1.0,0.53,0.05,1,3,4
196,hh_txt,hr_аналитик.txt,12,3475,31,middle,1.5,1.1,1.24,1.5,0.69,0.15,3,4,5
197,hh_txt,hr_аналитик.txt,13,1264,5,intern,0.2,0.2,0.08,0.4,0.08,0.05,1,1,1
198,hh_txt,hr_аналитик.txt,14,2700,19,middle,1.5,1.1,0.74,1.5,0.69,0.15,3,4,5
199,hh_txt,hr_аналитик.txt,15,1760,14,junior,0.99,0.8,0.99,-0.1,-0.36,0.15,3,5,0
200,hh_txt,hr_аналитик.txt,16,2584,12,middle,0.8,0.5,0.41,0.8,0.16,0.1,2,4,2
201,hh_txt,hr_аналитик.txt,17,2719,10,intern,0.8,0.8,0.66,-0.2,-0.44,0.1,2,5,0
202,hh_txt,hr_аналитик.txt,18,1492,9,intern,0.2,0.2,0.33,0.4,0.08,0.05,1,4,1
203,hh_txt,hr_аналитик.txt,19,1576,12,intern,0.8,0.8,0.74,-0.1,-0.36,0.15,3,3,0
204,hh_txt,hr_аналитик.txt,20,2965,12,intern,0.5,0.5,0.41,0.2,0.16,0.1,2,2,0
205,hh_txt,hr_аналитик.txt,21,3178,8,intern,0.5,0.5,0.41,-0.2,-0.44,0.1,2,4,0
206,hh_txt,hr_аналитик.txt,22,2703,20,junior,1.07,0.8,1.07,0.0,-0.28,0.2,4,5,0
207,hh_txt,hr_аналитик.txt,23,3379,11,middle,1.1,0.8,0.66,1.1,0.61,0.1,2,2,4
208,hh_txt,hr_аналитик.txt,24,3662,17,middle,1.2,1.1,0.74,1.2,0.69,0.15,3,4,4
209,hh_txt,hr_аналитик.txt,25,2166,10,intern,0.5,0.5,0.49,-0.1,-0.36,0.15,3,3,0
210,hh_txt,hr_аналитик.txt,26,3239,18,junior,0.82,0.8,0.82,0.7,0.32,0.2,4,4,1
211,hh_txt,hr_аналитик.txt,27,3314,20,intern,0.8,0.8,0.74,-0.1,-0.36,0.15,3,5,0
212,hh_txt,hr_аналитик.txt,28,1538,8,intern,0.5,0.5,0.33,0.1,0.08,0.05,1,1,0
213,hh_txt,hr_аналитик.txt,29,3055,13,intern,0.2,0.2,0.49,0.6,0.24,0.15,3,2,1
214,hh_txt,hr_аналитик.txt,30,3097,8,intern,0.5,0.5,0.41,-0.2,-0.44,0.1,2,4,0
215,hh_txt,hr_аналитик.txt,31,2091,8,intern,0.2,0.2,0.49,0.3,0.24,0.15,3,2,0
216,hh_txt,hr_аналитик.txt,32,1078,5,intern,0.2,0.2,0.08,-0.3,-0.52,0.05,1,3,0
217,hh_txt,hr_аналитик.txt,33,3326,11,intern,0.8,0.8,0.41,-0.2,-0.44,0.1,2,4,0
218,hh_txt,hr_аналитик.txt,34,1620,9,intern,0.3,0.3,0.25,0.6,0.0,0.0,0,1,2
219,hh_txt,hr_аналитик.txt,35,3886,16,junior,1.07,0.8,1.07,0.1,-0.2,0.25,5,5,0
220,hh_txt,hr_консультант аналитик.txt,0,2608,13,intern,0.8,0.8,0.33,0.4,0.08,0.05,1,5,1
221,hh_txt,hr_консультант аналитик.txt,1,1157,5,intern,0.3,0.3,0.25,-0.4,-0.6,0.0,0,4,0
222,hh_txt,hr_консультант аналитик.txt,2,1531,6,intern,0.6,0.6,0.5,-0.4,-0.6,0.0,0,4,0
223,hh_txt,hr_консультант аналитик.txt,3,1146,7,intern,0.2,0.2,0.33,-0.3,-0.52,0.05,1,3,0
224,hh_txt,hr_консультант аналитик.txt,4,1751,9,intern,0.8,0.8,0.49,0.3,0.24,0.15,3,2,0
225,hh_txt,hr_консультант аналитик.txt,5,2135,11,intern,0.5,0.5,0.57,0.0,-0.28,0.2,4,3,0
226,hh_txt,hr_консультант аналитик.txt,6,1727,8,intern,0.8,0.8,0.58,-0.3,-0.52,0.05,1,5,0
227,hh_txt,hr_консультант аналитик.txt,7,1353,7,intern,0.5,0.5,0.33,-0.3,-0.52,0.05,1,3,0
228,hh_txt,hr_консультант аналитик.txt,8,1951,11,junior,0.83,0.8,0.83,-0.3,-0.52,0.05,1,5,0
229,hh_txt,hr_консультант аналитик.txt,9,1577,13,junior,0.91,0.8,0.91,-0.2,-0.44,0.1,2,5,0
230,hh_txt,hr_консультант аналитик.txt,10,2465,12,intern,1.1,1.1,1.07,0.0,-0.28,0.2,4,4,0
231,hh_txt,hr_консультант аналитик.txt,11,2417,16,junior,1.33,1.1,1.33,0.4,0.53,0.05,1,5,2
232,hh_txt,hr_консультант аналитик.txt,12,2946,11,intern,1.1,1.1,0.91,0.2,0.16,0.1,2,2,0
233,hh_txt,hr_консультант аналитик.txt,13,2015,4,intern,0.8,0.8,0.58,0.1,0.08,0.05,1,2,0
234,hh_txt,hr_консультант аналитик.txt,14,2042,8,intern,0.5,0.5,0.49,-0.1,-0.36,0.15,3,4,0
235,hh_txt,hr_консультант аналитик.txt,15,2781,9,intern,0.8,0.8,0.58,-0.3,-0.52,0.05,1,4,0
236,hh_txt,hr_консультант.txt,0,1541,9,intern,0.5,0.5,0.49,0.3,0.24,0.15,3,2,0
237,hh_txt,hr_консультант.txt,1,2187,6,intern,0.8,0.8,0.66,-0.2,-0.44,0.1,2,3,0
238,hh_txt,hr_консультант.txt,2,1065,7,intern,0.5,0.5,0.33,-0.3,-0.52,0.05,1,4,0
239,hh_txt,hr_консультант.txt,3,3446,13,junior,1.32,0.8,1.32,0.0,-0.28,0.2,4,3,0
240,hh_txt,hr_консультант.txt,4,2769,11,intern,1.1,1.1,0.74,-0.1,-0.36,0.15,3,3,0
241,hh_txt,hr_консультант.txt,5,2445,3,intern,0.2,0.2,0.08,0.1,0.08,0.05,1,1,0
242,hh_txt,hr_консультант.txt,6,1450,10,junior,1.07,0.8,1.07,0.0,-0.28,0.2,4,3,0
243,hh_txt,hr_консультант.txt,7,1393,8,junior,0.74,0.5,0.74,0.3,0.24,0.15,3,2,0
244,hh_txt,hr_консультант.txt,8,1840,13,junior,0.82,0.8,0.82,0.0,-0.28,0.2,4,3,0
245,hh_txt,hr_консультант.txt,9,1572,6,intern,0.5,0.5,0.41,-0.2,-0.44,0.1,2,3,0
246,hh_txt,hr_консультант.txt,10,2483,11,intern,0.8,0.8,0.66,-0.2,-0.44,0.1,2,4,0
247,hh_txt,hr_консультант.txt,11,3360,16,junior,1.08,0.8,1.08,0.7,0.53,0.05,1,3,3
248,hh_txt,hr_консультант.txt,12,1602,4,intern,0.5,0.5,0.33,0.1,0.08,0.05,1,2,0
249,hh_txt,hr_консультант.txt,13,1019,5,intern,0.6,0.6,0.5,-0.4,-0.6,0.0,0,3,0
250,hh_txt,hr_консультант.txt,14,2056,8,intern,0.8,0.8,0.74,0.6,0.24,0.15,3,3,1
251,hh_txt,hr_консультант.txt,15,2407,7,intern,0.5,0.5,0.33,0.4,0.08,0.05,1,2,1
252,hh_txt,hr_консультант.txt,16,3536,9,junior,0.91,0.8,0.91,0.2,0.16,0.1,2,2,0
253,hh_txt,hr_консультант.txt,17,1916,10,intern,0.5,0.5,0.57,0.0,-0.28,0.2,4,3,0
254,hh_txt,hr_консультант.txt,18,1251,10,intern,0.5,0.5,0.58,-0.3,-0.52,0.05,1,4,0
255,hh_txt,hr_консультант.txt,19,2391,5,intern,0.8,0.8,0.58,0.1,0.08,0.05,1,2,0
256,hh_txt,hr_консультант.txt,20,877,9,intern,1.0,1.0,0.74,-0.1,-0.36,0.15,3,4,0
257,hh_txt,hr_консультант.txt,21,2456,6,intern,0.2,0.2,0.33,0.1,0.08,0.05,1,1,0
258,hh_txt,hr_консультант.txt,22,2982,9,intern,0.2,0.2,0.49,0.3,0.24,0.15,3,2,0
259,hh_txt,hr_консультант.txt,23,1345,6,intern,0.2,0.2,0.16,0.2,0.16,0.1,2,2,0
260,hh_txt,hr_консультант.txt,24,1194,5,intern,0.0,0.0,0.0,0.0,0.0,0.0,0,2,0
261,hh_txt,hr_консультант.txt,25,1461,3,intern,0.2,0.2,0.08,0.1,0.08,0.05,1,1,0
262,hh_txt,hr_консультант.txt,26,2118,9,junior,0.91,0.8,0.91,0.2,0.16,0.1,2,2,0
263,hh_txt,hr_консультант.txt,27,1295,7,intern,0.8,0.8,0.74,0.3,0.24,0.15,3,2,0
264,hh_txt,hr_консультант.txt,29,1725,9,intern,0.5,0.5,0.33,-0.3,-0.52,0.05,1,3,0
265,hh_txt,hr_консультант.txt,30,2030,12,junior,0.91,0.8,0.91,-0.2,-0.44,0.1,2,4,0
266,hh_txt,hr_консультант.txt,31,2201,7,intern,0.5,0.5,0.41,-0.2,-0.44,0.1,2,3,0
267,hh_txt,hr_консультант.txt,32,2199,9,junior,0.66,0.5,0.66,-0.2,-0.44,0.1,2,4,0
268,hh_txt,hr_консультант.txt,33,2266,11,intern,0.5,0.5,0.24,0.6,0.24,0.15,3,4,1
269,hh_txt,hr_консультант.txt,34,2073,10,middle,0.8,0.5,0.41,0.8,0.61,0.1,2,3,3
270,hh_txt,hr_консультант.txt,35,1770,7,intern,0.5,0.5,0.33,-0.3,-0.52,0.05,1,4,0
271,hh_txt,hr_консультант.txt,36,1209,9,junior,1.08,0.8,1.08,-0.3,-0.52,0.05,1,3,0
272,hh_txt,hr_консультант.txt,37,1512,6,intern,0.8,0.8,0.58,-0.3,-0.52,0.05,1,3,0
273,hh_txt,hr_консультант.txt,38,1503,7,intern,0.5,0.5,0.32,0.4,0.32,0.2,4,1,0
274,hh_txt,hr_консультант.txt,39,1106,5,intern,0.2,0.2,0.16,0.2,0.16,0.1,2,2,0
275,hh_txt,hr_консультант.txt,40,1856,8,intern,0.5,0.5,0.49,0.3,0.24,0.15,3,2,0
276,hh_txt,hr_консультант.txt,41,2418,17,middle,1.3,0.8,0.83,1.3,0.08,0.05,1,3,4
277,hh_txt,hr_консультант.txt,42,1366,6,intern,0.5,0.5,0.58,-0.3,-0.52,0.05,1,3,0
278,hh_txt,hr_консультант.txt,43,1448,8,intern,0.5,0.5,0.49,-0.1,-0.36,0.15,3,3,0
279,hh_txt,Вакансии.txt,0,674464,81,senior,3.53,1.1,2.07,3.2,3.53,0.3,10,6,14
280,telegram_jsonl,tg_vacancies.jsonl,0,9301,25,middle,1.1,0.8,0.57,1.1,0.4,0.25,5,5,2
281,telegram_jsonl,tg_vacancies.jsonl,1,1144,6,intern,0.2,0.2,0.08,0.1,0.08,0.05,1,2,0
282,telegram_jsonl,tg_vacancies.jsonl,2,2050,3,intern,0.3,0.3,0.25,0.0,0.0,0.0,0,0,0
283,telegram_jsonl,tg_vacancies.jsonl,3,1147,6,intern,0.2,0.2,0.08,0.1,0.08,0.05,1,2,0
284,telegram_jsonl,tg_vacancies.jsonl,4,4575,19,middle,1.6,0.5,0.58,1.6,0.08,0.05,1,4,5
285,telegram_jsonl,tg_vacancies.jsonl,5,3202,16,middle,1.6,0.2,0.32,1.6,0.77,0.2,4,3,5
286,telegram_jsonl,tg_vacancies.jsonl,6,2513,31,senior,3.08,0.8,1.57,2.6,3.08,0.3,6,2,11
287,telegram_jsonl,tg_vacancies.jsonl,7,7642,34,middle,2.6,0.5,1.32,2.6,0.93,0.3,6,5,8
288,telegram_jsonl,tg_vacancies.jsonl,8,2404,13,intern,0.5,0.5,0.57,0.0,-0.28,0.2,4,3,0
289,telegram_jsonl,tg_vacancies.jsonl,9,1591,14,intern,0.2,0.2,0.24,0.6,0.24,0.15,3,2,1
290,telegram_jsonl,tg_vacancies.jsonl,10,1235,10,middle,0.9,0.0,0.0,0.9,0.45,0.0,0,3,4
291,telegram_jsonl,tg_vacancies.jsonl,11,2522,18,intern,0.2,0.2,0.24,-0.1,-0.36,0.15,3,3,0
292,telegram_jsonl,tg_vacancies.jsonl,12,1633,5,intern,0.5,0.5,0.33,0.1,0.08,0.05,1,2,0
293,telegram_jsonl,tg_vacancies.jsonl,13,3913,13,intern,0.8,0.8,0.66,0.5,0.16,0.1,2,4,1
294,telegram_jsonl,tg_vacancies.jsonl,14,2344,13,junior,0.66,0.5,0.66,0.5,0.16,0.1,2,4,1
295,telegram_jsonl,tg_vacancies.jsonl,15,1380,6,intern,0.5,0.5,0.33,0.1,0.08,0.05,1,2,0
296,telegram_jsonl,tg_vacancies.jsonl,16,793,7,middle,0.9,0.5,0.25,0.9,0.0,0.0,0,1,3
297,telegram_jsonl,tg_vacancies.jsonl,17,1426,14,junior,1.07,0.8,1.07,0.8,0.4,0.25,5,3,1
298,telegram_jsonl,tg_vacancies.jsonl,18,967,5,intern,0.5,0.5,0.33,0.4,0.08,0.05,1,2,1
299,telegram_jsonl,tg_vacancies.jsonl,19,6766,31,middle,1.7,1.1,1.32,1.7,1.38,0.3,6,6,6
300,telegram_jsonl,tg_vacancies.jsonl,20,1472,3,intern,0.0,0.0,0.0,0.0,0.0,0.0,0,2,0
301,telegram_jsonl,tg_vacancies.jsonl,21,3763,9,intern,0.8,0.8,0.49,0.3,0.24,0.15,3,2,0
302,telegram_jsonl,tg_vacancies.jsonl,22,796,5,intern,0.8,0.8,0.25,0.0,0.0,0.0,0,1,0
303,telegram_jsonl,tg_vacancies.jsonl,23,1587,19,middle,1.5,0.5,0.99,1.5,0.69,0.15,3,3,5
304,telegram_jsonl,tg_vacancies.jsonl,24,2524,16,middle,1.0,0.2,0.32,1.0,0.32,0.2,4,4,2
305,telegram_jsonl,tg_vacancies.jsonl,26,1371,9,intern,0.2,0.2,0.16,-0.2,-0.44,0.1,2,3,0
306,telegram_jsonl,tg_vacancies.jsonl,27,1276,8,intern,0.2,0.2,0.08,-0.3,-0.52,0.05,1,3,0
307,telegram_jsonl,tg_vacancies.jsonl,28,3156,15,middle,1.6,0.2,0.32,1.6,0.77,0.2,4,2,5
308,telegram_jsonl,tg_vacancies.jsonl,29,1527,12,middle,1.3,0.2,0.33,1.3,0.53,0.05,1,1,5
309,telegram_jsonl,tg_vacancies.jsonl,30,3741,14,middle,1.1,0.5,0.16,1.1,0.61,0.1,2,3,4
310,telegram_jsonl,tg_vacancies.jsonl,31,1267,7,intern,0.2,0.2,0.58,0.4,0.53,0.05,1,1,2
311,telegram_jsonl,tg_vacancies.jsonl,32,2645,8,intern,0.8,0.8,0.58,-0.3,-0.52,0.05,1,4,0
312,telegram_jsonl,tg_vacancies.jsonl,33,2620,16,middle,1.2,0.5,0.49,1.2,0.69,0.15,3,5,4
313,telegram_jsonl,tg_vacancies.jsonl,34,1412,9,intern,0.5,0.5,0.41,-0.2,-0.44,0.1,2,3,0
314,telegram_jsonl,tg_vacancies.jsonl,35,2433,10,intern,0.5,0.5,0.49,0.6,0.24,0.15,3,2,1
315,telegram_jsonl,tg_vacancies.jsonl,36,1759,10,intern,0.5,0.5,0.41,-0.2,-0.44,0.1,2,3,0
316,telegram_jsonl,tg_vacancies.jsonl,37,1596,14,middle,1.0,0.5,0.82,1.0,0.77,0.2,4,3,3
317,telegram_jsonl,tg_vacancies.jsonl,38,2500,18,senior,2.15,0.0,0.5,1.5,2.15,0.0,0,3,8
318,telegram_jsonl,tg_vacancies.jsonl,39,2494,17,middle,1.4,0.5,0.66,1.4,1.06,0.1,2,4,6
319,telegram_jsonl,tg_vacancies.jsonl,41,373,2,intern,0.7,0.7,0.08,0.1,0.08,0.05,1,1,0
320,telegram_jsonl,tg_vacancies.jsonl,42,1303,9,middle,0.8,0.5,0.41,0.8,0.61,0.1,2,1,3
321,telegram_jsonl,tg_vacancies.jsonl,43,2673,10,intern,0.5,0.5,0.41,0.5,0.16,0.1,2,3,1
322,telegram_jsonl,tg_vacancies.jsonl,44,1222,7,intern,0.2,0.2,0.08,-0.3,-0.52,0.05,1,3,0
323,telegram_jsonl,tg_vacancies.jsonl,45,1008,9,intern,0.5,0.5,0.41,-0.2,-0.44,0.1,2,4,0
324,telegram_jsonl,tg_vacancies.jsonl,46,1711,8,intern,0.5,0.5,0.16,0.5,0.16,0.1,2,3,1
325,telegram_jsonl,tg_vacancies.jsonl,48,800,5,intern,0.7,0.7,0.33,0.4,0.08,0.05,1,0,1
326,telegram_jsonl,tg_vacancies.jsonl,60,2721,12,intern,0.5,0.5,0.33,-0.3,-0.52,0.05,1,3,0
327,telegram_jsonl,tg_vacancies.jsonl,61,2296,14,intern,0.5,0.5,0.41,0.5,0.61,0.1,2,5,2
328,telegram_jsonl,tg_vacancies.jsonl,62,1262,7,intern,0.5,0.5,0.33,-0.3,-0.52,0.05,1,4,0
329,telegram_jsonl,tg_vacancies.jsonl,63,2552,10,intern,0.8,0.8,0.49,-0.1,-0.36,0.15,3,3,0
330,telegram_jsonl,tg_vacancies.jsonl,64,2176,16,middle,1.6,0.5,0.58,1.6,0.08,0.05,1,3,5
331,telegram_jsonl,tg_vacancies.jsonl,65,1309,11,intern,0.2,0.2,0.16,-0.2,-0.44,0.1,2,4,0
332,telegram_jsonl,tg_vacancies.jsonl,68,2414,12,intern,0.5,0.5,0.41,0.5,0.61,0.1,2,5,2
333,telegram_jsonl,tg_vacancies.jsonl,69,977,8,intern,0.5,0.5,0.58,0.7,0.08,0.05,1,3,2
334,telegram_jsonl,tg_vacancies.jsonl,71,545,7,middle,0.9,0.5,0.0,0.9,0.0,0.0,0,0,3
335,telegram_jsonl,tg_vacancies.jsonl,72,2964,18,intern,0.5,0.5,0.49,-0.1,-0.36,0.15,3,3,0
336,telegram_jsonl,tg_vacancies.jsonl,73,891,15,intern,1.3,1.3,0.91,0.8,1.06,0.1,2,3,4
337,telegram_jsonl,tg_vacancies.jsonl,75,1776,13,junior,0.74,0.5,0.74,0.6,0.69,0.15,3,3,2
338,telegram_jsonl,tg_vacancies.jsonl,76,1929,9,intern,0.2,0.2,0.32,0.7,0.32,0.2,4,1,1
339,telegram_jsonl,tg_vacancies.jsonl,77,2846,19,junior,1.16,1.1,1.16,0.5,0.16,0.1,2,5,1
340,telegram_jsonl,tg_vacancies.jsonl,87,2594,16,middle,0.8,0.5,0.41,0.8,0.61,0.1,2,3,3
341,telegram_jsonl,tg_vacancies.jsonl,88,4439,24,middle,1.9,0.8,1.07,1.9,1.22,0.2,4,3,7
342,telegram_jsonl,tg_vacancies.jsonl,89,1437,5,intern,0.8,0.8,0.33,0.1,0.08,0.05,1,2,0
343,telegram_jsonl,tg_vacancies.jsonl,90,4828,16,middle,1.0,0.5,0.82,1.0,0.32,0.2,4,4,2
344,telegram_jsonl,tg_vacancies.jsonl,91,3016,20,middle,1.6,0.2,0.32,1.6,0.77,0.2,4,2,5
345,telegram_jsonl,tg_vacancies.jsonl,92,3092,12,middle,0.9,0.9,0.5,0.9,0.0,0.0,0,2,3
346,telegram_jsonl,tg_vacancies.jsonl,93,1712,9,intern,0.8,0.8,0.41,-0.2,-0.44,0.1,2,3,0
347,telegram_jsonl,tg_vacancies.jsonl,94,893,8,intern,1.1,1.1,0.5,0.9,0.45,0.0,0,3,4
348,telegram_jsonl,tg_vacancies.jsonl,95,1327,15,senior,1.51,0.5,0.66,1.4,1.51,0.1,2,2,7
349,telegram_jsonl,tg_vacancies.jsonl,96,3021,17,middle,1.7,0.2,0.32,1.7,0.85,0.25,5,3,5
350,telegram_jsonl,tg_vacancies.jsonl,97,1699,7,intern,0.5,0.5,0.33,-0.3,-0.52,0.05,1,3,0
351,telegram_jsonl,tg_vacancies.jsonl,98,564,8,middle,0.9,0.5,0.0,0.9,0.0,0.0,0,0,3
352,telegram_jsonl,tg_vacancies.jsonl,99,1870,7,intern,0.5,0.5,0.58,0.4,0.08,0.05,1,3,1
353,telegram_jsonl,tg_vacancies.jsonl,100,1397,10,intern,0.2,0.2,0.32,0.4,0.32,0.2,4,2,0
354,telegram_jsonl,tg_vacancies.jsonl,101,2692,15,intern,0.2,0.2,0.16,-0.2,-0.44,0.1,2,4,0
355,telegram_jsonl,tg_vacancies.jsonl,110,6095,18,middle,1.3,0.5,0.57,1.3,0.77,0.2,4,5,4
356,telegram_jsonl,tg_vacancies.jsonl,111,3346,12,junior,0.66,0.5,0.66,0.5,0.61,0.1,2,5,2
357,telegram_jsonl,tg_vacancies.jsonl,112,723,3,intern,0.5,0.5,0.0,0.3,0.0,0.0,0,2,1
358,telegram_jsonl,tg_vacancies.jsonl,113,2164,9,intern,0.2,0.2,0.58,0.4,0.08,0.05,1,3,1
359,telegram_jsonl,tg_vacancies.jsonl,114,739,3,intern,0.5,0.5,0.0,0.3,0.0,0.0,0,1,1
360,telegram_jsonl,tg_vacancies.jsonl,115,5299,20,middle,1.7,0.5,0.57,1.7,0.85,0.25,5,3,5
361,telegram_jsonl,tg_vacancies.jsonl,116,2318,7,intern,0.5,0.5,0.33,0.4,0.53,0.05,1,4,2
362,telegram_jsonl,tg_vacancies.jsonl,117,3949,21,intern,0.8,0.8,0.41,0.5,0.16,0.1,2,5,1
363,telegram_jsonl,tg_vacancies.jsonl,118,1483,9,intern,0.8,0.8,0.41,-0.2,-0.44,0.1,2,3,0
364,telegram_jsonl,tg_vacancies.jsonl,119,5877,25,middle,2.0,0.5,0.82,2.0,0.93,0.3,6,4,6
365,telegram_jsonl,tg_vacancies.jsonl,120,4143,34,senior,3.0,0.8,1.82,2.6,3.0,0.25,5,4,11
366,telegram_jsonl,tg_vacancies.jsonl,122,6607,28,middle,1.9,0.8,0.82,1.9,1.22,0.2,4,4,7
367,telegram_jsonl,tg_vacancies.jsonl,123,3949,18,middle,1.9,0.5,0.82,1.9,0.77,0.2,4,4,6
368,telegram_jsonl,tg_vacancies.jsonl,124,2785,25,middle,1.6,0.5,0.83,1.6,0.53,0.05,1,0,6
369,telegram_jsonl,tg_vacancies.jsonl,125,4227,24,middle,1.6,0.5,0.83,1.6,0.53,0.05,1,3,6
370,telegram_jsonl,tg_vacancies.jsonl,128,6718,22,intern,1.1,1.1,1.07,1.0,0.32,0.2,4,5,2
371,telegram_jsonl,tg_vacancies.jsonl,129,916,6,intern,0.2,0.2,0.08,0.1,0.08,0.05,1,1,0
372,telegram_jsonl,tg_vacancies.jsonl,130,3439,17,middle,0.8,0.5,0.41,0.8,0.61,0.1,2,4,3
373,telegram_jsonl,tg_vacancies.jsonl,131,1545,11,middle,0.8,0.5,0.41,0.8,0.61,0.1,2,1,3
374,telegram_jsonl,tg_vacancies.jsonl,132,3861,14,middle,1.2,0.2,0.49,1.2,0.24,0.15,3,3,3
375,telegram_jsonl,tg_vacancies.jsonl,133,1894,15,middle,0.8,0.2,0.16,0.8,0.61,0.1,2,3,3
376,telegram_jsonl,tg_vacancies.jsonl,134,1624,8,middle,1.0,0.2,0.33,1.0,0.53,0.05,1,1,4
377,telegram_jsonl,tg_vacancies.jsonl,135,5014,18,junior,1.24,0.8,1.24,0.3,0.24,0.15,3,2,0
378,telegram_jsonl,tg_vacancies.jsonl,136,933,3,intern,0.5,0.5,0.33,0.1,0.08,0.05,1,1,0
379,telegram_jsonl,tg_vacancies.jsonl,137,3280,17,intern,0.8,0.8,0.74,-0.1,-0.36,0.15,3,4,0
380,telegram_jsonl,tg_vacancies.jsonl,138,1067,1,intern,0.3,0.3,0.25,0.0,0.0,0.0,0,0,0
381,telegram_jsonl,tg_vacancies.jsonl,139,1382,9,intern,0.8,0.8,0.41,-0.2,-0.44,0.1,2,3,0
382,telegram_jsonl,tg_vacancies.jsonl,140,877,10,intern,1.3,1.3,0.58,-0.3,-0.52,0.05,1,4,0
383,telegram_jsonl,tg_vacancies.jsonl,141,545,7,middle,0.9,0.5,0.0,0.9,0.0,0.0,0,0,3
384,telegram_jsonl,tg_vacancies.jsonl,144,1645,9,intern,0.8,0.8,0.58,0.7,0.08,0.05,1,3,2
385,telegram_jsonl,tg_vacancies.jsonl,145,1878,8,intern,0.5,0.5,0.41,0.5,0.61,0.1,2,2,2
386,telegram_jsonl,tg_vacancies.jsonl,146,2500,13,intern,0.8,0.8,0.49,-0.1,-0.36,0.15,3,3,0
387,telegram_jsonl,tg_vacancies.jsonl,147,240,0,intern,0.5,0.5,0.0,0.0,0.0,0.0,0,0,0
388,telegram_jsonl,tg_vacancies.jsonl,148,1980,11,middle,1.0,0.2,0.82,1.0,0.32,0.2,4,2,2
389,telegram_jsonl,tg_vacancies.jsonl,150,1039,4,intern,0.2,0.2,0.08,0.1,0.08,0.05,1,2,0
390,telegram_jsonl,tg_vacancies.jsonl,151,1471,5,intern,0.2,0.2,0.16,0.5,0.16,0.1,2,1,1
391,telegram_jsonl,tg_vacancies.jsonl,153,564,7,middle,0.9,0.5,0.0,0.9,0.0,0.0,0,0,3
392,telegram_jsonl,tg_vacancies.jsonl,155,4877,18,junior,1.32,0.8,1.32,0.7,0.32,0.2,4,5,1
393,telegram_jsonl,tg_vacancies.jsonl,156,2812,12,intern,0.8,0.8,0.74,-0.1,-0.36,0.15,3,5,0
394,telegram_jsonl,tg_vacancies.jsonl,157,596,10,junior,1.33,1.3,1.33,0.4,0.53,0.05,1,2,2
395,telegram_jsonl,tg_vacancies.jsonl,158,737,8,intern,1.3,1.3,0.58,0.7,0.53,0.05,1,2,3
396,telegram_jsonl,tg_vacancies.jsonl,159,1778,6,intern,0.3,0.3,0.25,-0.4,-0.6,0.0,0,3,0
397,telegram_jsonl,tg_vacancies.jsonl,160,5913,26,middle,1.2,0.8,0.74,1.2,0.69,0.15,3,5,4
398,telegram_jsonl,tg_vacancies.jsonl,176,9723,22,middle,1.7,0.8,0.82,1.7,0.85,0.25,5,4,5
399,telegram_jsonl,tg_vacancies.jsonl,177,1558,9,junior,1.0,0.3,1.0,0.9,0.0,0.0,0,1,3
400,telegram_jsonl,tg_vacancies.jsonl,178,817,6,intern,0.5,0.5,0.25,0.6,0.45,0.0,0,1,3
401,telegram_jsonl,tg_vacancies.jsonl,179,3777,23,middle,2.0,0.8,1.32,2.0,0.85,0.25,5,3,6
402,telegram_jsonl,tg_vacancies.jsonl,180,852,12,middle,1.0,1.0,0.33,1.0,0.98,0.05,1,3,5
403,telegram_jsonl,tg_vacancies.jsonl,181,2914,22,middle,2.0,0.5,0.57,2.0,0.85,0.25,5,5,6
404,telegram_jsonl,tg_vacancies.jsonl,182,1013,5,intern,0.2,0.2,0.16,0.5,0.16,0.1,2,1,1
405,telegram_jsonl,tg_vacancies.jsonl,184,4610,27,middle,1.9,1.1,1.32,1.9,0.77,0.2,4,4,6
406,telegram_jsonl,tg_vacancies.jsonl,185,5348,28,middle,2.0,0.8,1.07,2.0,1.38,0.3,6,5,7
407,telegram_jsonl,tg_vacancies.jsonl,186,1298,4,intern,0.3,0.3,0.25,0.3,0.0,0.0,0,0,1
408,telegram_jsonl,tg_vacancies.jsonl,187,1026,12,middle,0.8,0.5,0.41,0.8,0.61,0.1,2,5,3
409,telegram_jsonl,tg_vacancies.jsonl,190,3512,8,junior,0.91,0.5,0.91,0.2,0.16,0.1,2,2,0
410,telegram_jsonl,tg_vacancies.jsonl,195,7064,26,middle,1.3,0.5,0.82,1.3,0.77,0.2,4,5,4
411,telegram_jsonl,tg_vacancies.jsonl,196,1621,10,intern,0.5,0.5,0.33,0.4,0.08,0.05,1,4,1
412,telegram_jsonl,tg_vacancies.jsonl,197,4065,19,junior,0.82,0.5,0.82,0.8,0.4,0.25,5,5,1
413,telegram_jsonl,tg_vacancies.jsonl,198,603,7,intern,0.7,0.7,0.24,0.6,0.69,0.15,3,0,2
414,telegram_jsonl,tg_vacancies.jsonl,199,9885,30,middle,1.7,0.8,0.82,1.7,0.93,0.3,9,5,5
415,telegram_jsonl,tg_vacancies.jsonl,200,1363,9,intern,0.5,0.5,0.41,-0.2,-0.44,0.1,2,3,0
416,telegram_jsonl,tg_vacancies.jsonl,201,1045,7,intern,0.2,0.2,0.58,0.1,0.08,0.05,1,2,0
417,telegram_jsonl,tg_vacancies.jsonl,202,269,1,intern,0.5,0.5,0.0,0.3,0.0,0.0,0,0,1
418,telegram_jsonl,tg_vacancies.jsonl,203,2697,21,middle,1.7,0.2,0.32,1.7,0.93,0.3,6,2,5
419,telegram_jsonl,tg_vacancies.jsonl,204,1353,8,intern,0.6,0.6,0.5,-0.4,-0.6,0.0,0,4,0
420,telegram_jsonl,tg_vacancies.jsonl,205,830,6,intern,1.0,1.0,0.41,0.2,0.16,0.1,2,1,0
421,telegram_jsonl,tg_vacancies.jsonl,206,1302,8,intern,0.5,0.5,0.41,-0.2,-0.44,0.1,2,3,0
422,telegram_jsonl,tg_vacancies.jsonl,207,10068,25,middle,1.7,0.8,1.07,1.7,0.85,0.25,5,3,5
423,telegram_jsonl,tg_vacancies.jsonl,214,3223,17,junior,1.08,0.5,1.08,1.0,0.08,0.05,1,3,3
424,telegram_jsonl,tg_vacancies.jsonl,215,3011,17,intern,0.8,0.8,0.57,0.7,0.77,0.2,4,5,2
425,telegram_jsonl,tg_vacancies.jsonl,216,3722,16,middle,1.2,0.5,0.49,1.2,0.69,0.15,3,3,4
426,telegram_jsonl,tg_vacancies.jsonl,217,1518,6,middle,0.8,0.2,0.16,0.8,0.16,0.1,2,1,2
427,telegram_jsonl,tg_vacancies.jsonl,218,6188,21,middle,1.2,0.5,0.74,1.2,0.69,0.15,3,5,4
428,telegram_jsonl,tg_vacancies.jsonl,219,1132,8,middle,1.1,0.2,0.41,1.1,0.16,0.1,2,1,3
429,telegram_jsonl,tg_vacancies.jsonl,220,524,4,intern,0.8,0.8,0.25,0.3,0.0,0.0,0,2,1
430,telegram_jsonl,tg_vacancies.jsonl,221,4249,21,middle,2.2,0.2,1.07,2.2,0.77,0.2,4,2,7
431,telegram_jsonl,tg_vacancies.jsonl,222,3873,26,middle,1.7,0.5,0.57,1.7,0.85,0.25,5,4,5
432,telegram_jsonl,tg_vacancies.jsonl,223,4804,23,middle,1.7,0.8,1.57,1.7,0.4,0.25,5,4,4
433,telegram_jsonl,tg_vacancies.jsonl,224,4364,18,intern,1.1,1.1,0.58,0.7,0.08,0.05,1,4,2
434,telegram_jsonl,tg_vacancies.jsonl,225,3132,10,middle,1.1,0.5,0.57,1.1,0.4,0.25,5,1,2
435,telegram_jsonl,tg_vacancies.jsonl,226,5884,22,middle,2.2,0.5,1.32,2.2,0.77,0.2,4,4,7
436,telegram_jsonl,tg_vacancies.jsonl,230,7013,25,junior,1.32,0.8,1.32,0.7,0.32,0.2,4,6,1
437,telegram_jsonl,tg_vacancies.jsonl,231,1083,13,middle,1.5,0.5,0.49,1.5,0.69,0.15,3,1,5
438,telegram_jsonl,tg_vacancies.jsonl,232,2454,9,middle,0.9,0.5,0.49,0.9,0.24,0.15,3,1,2
439,telegram_jsonl,tg_vacancies.jsonl,233,3938,21,middle,1.7,0.8,1.07,1.7,0.85,0.25,5,5,5
440,telegram_jsonl,tg_vacancies.jsonl,234,2015,10,intern,0.3,0.3,0.5,0.6,0.45,0.0,0,1,3
441,telegram_jsonl,tg_vacancies.jsonl,235,4080,20,middle,1.0,0.5,0.82,1.0,0.77,0.2,4,4,3
442,telegram_jsonl,tg_vacancies.jsonl,236,4359,18,middle,1.4,0.8,0.91,1.4,0.61,0.1,2,4,5
443,telegram_jsonl,tg_vacancies.jsonl,237,2076,8,middle,0.8,0.5,0.41,0.8,0.16,0.1,2,2,2
444,telegram_jsonl,tg_vacancies.jsonl,238,3815,13,intern,0.8,0.8,0.66,0.5,0.16,0.1,2,4,1
445,telegram_jsonl,tg_vacancies.jsonl,244,4431,28,middle,1.7,0.8,1.32,1.7,0.4,0.25,5,5,4
446,telegram_jsonl,tg_vacancies.jsonl,245,3461,15,middle,0.9,0.0,0.25,0.9,0.0,0.0,0,3,3
447,telegram_jsonl,tg_vacancies.jsonl,246,3577,14,middle,1.0,0.5,0.57,1.0,0.77,0.2,4,2,3
448,telegram_jsonl,tg_vacancies.jsonl,247,1095,8,middle,0.9,0.0,0.0,0.9,0.0,0.0,0,2,3
449,telegram_jsonl,tg_vacancies.jsonl,248,1566,10,intern,0.5,0.5,0.41,-0.2,-0.44,0.1,2,3,0
450,telegram_jsonl,tg_vacancies.jsonl,249,1786,8,intern,0.2,0.2,0.32,0.7,0.32,0.2,4,2,1
451,telegram_jsonl,tg_vacancies.jsonl,250,1665,13,intern,0.2,0.2,0.08,0.7,0.08,0.05,1,2,2
452,telegram_jsonl,tg_vacancies.jsonl,251,8293,23,middle,1.7,0.8,0.82,1.7,0.85,0.25,5,4,5
453,telegram_jsonl,tg_vacancies.jsonl,252,2409,16,middle,1.1,0.5,0.57,1.1,0.85,0.25,5,2,3
454,telegram_jsonl,tg_vacancies.jsonl,253,874,6,intern,0.7,0.7,0.08,0.4,0.08,0.05,1,3,1
455,telegram_jsonl,tg_vacancies.jsonl,254,1487,8,senior,0.9,0.6,0.5,0.6,0.9,0.0,0,1,4
456,telegram_jsonl,tg_vacancies.jsonl,255,1897,9,middle,0.9,0.5,0.74,0.9,0.69,0.15,3,3,3
457,telegram_jsonl,tg_vacancies.jsonl,256,1284,7,middle,1.0,0.5,0.33,1.0,0.53,0.05,1,1,4
458,telegram_jsonl,tg_vacancies.jsonl,257,4300,24,middle,2.0,0.8,1.57,2.0,0.4,0.25,5,5,5
459,telegram_jsonl,tg_vacancies.jsonl,258,6430,17,middle,0.9,0.5,0.74,0.9,0.24,0.15,3,6,2
460,telegram_jsonl,tg_vacancies.jsonl,259,2593,15,middle,1.2,0.5,0.49,1.2,1.14,0.15,3,5,5
461,telegram_jsonl,tg_vacancies.jsonl,260,1905,8,intern,0.2,0.2,0.33,0.7,0.08,0.05,1,2,2
462,telegram_jsonl,tg_vacancies.jsonl,261,1127,10,junior,1.08,0.5,1.08,0.4,0.08,0.05,1,1,1
463,telegram_jsonl,tg_vacancies.jsonl,262,678,4,intern,0.7,0.7,0.16,0.5,0.61,0.1,2,1,2
464,telegram_jsonl,tg_vacancies.jsonl,263,2601,9,intern,0.5,0.5,0.49,-0.1,-0.36,0.15,3,4,0
465,telegram_jsonl,tg_vacancies.jsonl,264,482,5,intern,1.0,1.0,0.33,-0.3,-0.52,0.05,1,3,0
466,telegram_jsonl,tg_vacancies.jsonl,265,3251,16,junior,0.99,0.8,0.99,0.6,0.24,0.15,3,6,1
